symbol_root,contract_symbol,continuous_symbol,ts_open_utc,ts_close_utc,open,high,low,close,volume,trade_count,vwap,source_name,is_rth,session_id,is_rollover_period,is_holiday_session,is_valid_bar
NQ,NQH6,NQ.c.0,2026-01-02T14:20:00Z,2026-01-02T14:21:00Z,17000.0,17000.75,16999.2,16999.95,700,175,16999.97,fixture_csv,true,2026-01-02-RTH,false,false,true
NQ,NQH6,NQ.c.0,2026-01-02T14:21:00Z,2026-01-02T14:22:00Z,16999.95,17000.7,16999.15,16999.9,725,181,16999.93,fixture_csv,true,2026-01-02-RTH,false,false,true
NQ,NQH6,NQ.c.0,2026-01-02T14:22:00Z,2026-01-02T14:23:00Z,16999.9,17000.65,16999.1,16999.85,750,187,16999.88,fixture_csv,true,2026-01-02-RTH,false,false,true
NQ,NQH6,NQ.c.0,2026-01-02T14:23:00Z,2026-01-02T14:24:00Z,16999.85,17000.6,16999.05,16999.8,775,193,16999.83,fixture_csv,true,2026-01-02-RTH,false,false,true
NQ,NQH6,NQ.c.0,2026-01-02T14:24:00Z,2026-01-02T14:25:00Z,16999.8,17000.55,16999.0,16999.75,800,200,16999.78,fixture_csv,true,2026-01-02-RTH,false,false,true
NQ,NQH6,NQ.c.0,2026-01-02T14:25:00Z,2026-01-02T14:26:00Z,16999.75,17000.5,16998.95,16999.7,825,206,16999.72,fixture_csv,true,2026-01-02-RTH,false,false,true
NQ,NQH6,NQ.c.0,2026-01-02T14:26:00Z,2026-01-02T14:27:00Z,16999.7,17000.45,16998.9,16999.65,850,212,16999.68,fixture_csv,true,2026-01-02-RTH,false,false,true
NQ,NQH6,NQ.c.0,2026-01-02T14:27:00Z,2026-01-02T14:28:00Z,16999.65,17000.4,16998.85,16999.6,875,218,16999.62,fixture_csv,true,2026-01-02-RTH,false,false,true
NQ,NQH6,NQ.c.0,2026-01-02T14:28:00Z,2026-01-02T14:29:00Z,16999.6,17000.35,16998.8,16999.55,900,225,16999.58,fixture_csv,true,2026-01-02-RTH,false,false,true
NQ,NQH6,NQ.c.0,2026-01-02T14:29:00Z,2026-01-02T14:30:00Z,16999.55,17000.3,16998.75,16999.5,925,231,16999.53,fixture_csv,true,2026-01-02-RTH,false,false,true
NQ,NQH6,NQ.c.0,2026-01-02T14:30:00Z,2026-01-02T14:31:00Z,16999.5,17000.25,16998.7,16999.45,950,237,16999.47,fixture_csv,true,2026-01-02-RTH,false,false,true
NQ,NQH6,NQ.c.0,2026-01-02T14:31:00Z,2026-01-02T14:32:00Z,16999.45,17000.2,16997.8,16998.55,1000,250,16999.0,fixture_csv,true,2026-01-02-RTH,false,false,true
NQ,NQH6,NQ.c.0,2026-01-02T14:32:00Z,2026-01-02T14:33:00Z,16998.55,16999.3,16996.9,16997.65,1025,256,16998.1,fixture_csv,true,2026-01-02-RTH,false,false,true
NQ,NQH6,NQ.c.0,2026-01-02T14:33:00Z,2026-01-02T14:34:00Z,16997.65,16998.4,16996.0,16996.75,725,181,16997.2,fixture_csv,true,2026-01-02-RTH,false,false,true
NQ,NQH6,NQ.c.0,2026-01-02T14:34:00Z,2026-01-02T14:35:00Z,16996.75,16997.5,16995.1,16995.85,750,187,16996.3,fixture_csv,true,2026-01-02-RTH,false,false,true
NQ,NQH6,NQ.c.0,2026-01-02T14:35:00Z,2026-01-02T14:36:00Z,16995.85,16996.6,16994.2,16994.95,775,193,16995.4,fixture_csv,true,2026-01-02-RTH,false,false,true
NQ,NQH6,NQ.c.0,2026-01-02T14:36:00Z,2026-01-02T14:37:00Z,16994.95,16995.7,16993.3,16994.05,800,200,16994.5,fixture_csv,true,2026-01-02-RTH,false,false,true
NQ,NQH6,NQ.c.0,2026-01-02T14:37:00Z,2026-01-02T14:38:00Z,16994.05,16994.8,16992.4,16993.15,825,206,16993.6,fixture_csv,true,2026-01-02-RTH,false,false,true
NQ,NQH6,NQ.c.0,2026-01-02T14:38:00Z,2026-01-02T14:39:00Z,16993.15,16993.9,16991.5,16992.25,850,212,16992.7,fixture_csv,true,2026-01-02-RTH,false,false,true
NQ,NQH6,NQ.c.0,2026-01-02T14:39:00Z,2026-01-02T14:40:00Z,16992.25,16993.0,16990.6,16991.35,875,218,16991.8,fixture_csv,true,2026-01-02-RTH,false,false,true
NQ,NQH6,NQ.c.0,2026-01-02T14:40:00Z,2026-01-02T14:41:00Z,16991.35,16992.1,16989.7,16990.45,900,225,16990.9,fixture_csv,true,2026-01-02-RTH,false,false,true
NQ,NQH6,NQ.c.0,2026-01-02T14:41:00Z,2026-01-02T14:42:00Z,16990.45,16991.2,16989.65,16990.4,900,225,16990.43,fixture_csv,true,2026-01-02-RTH,false,false,true
NQ,NQH6,NQ.c.0,2026-01-02T14:42:00Z,2026-01-02T14:43:00Z,16990.4,16991.15,16989.6,16990.35,925,231,16990.38,fixture_csv,true,2026-01-02-RTH,false,false,true
NQ,NQH6,NQ.c.0,2026-01-02T14:43:00Z,2026-01-02T14:44:00Z,16990.35,16992.0,16989.6,16991.25,978,244,16990.8,fixture_csv,true,2026-01-02-RTH,false,false,true
NQ,NQH6,NQ.c.0,2026-01-02T14:44:00Z,2026-01-02T14:45:00Z,16991.25,16992.9,16990.5,16992.15,1003,250,16991.7,fixture_csv,true,2026-01-02-RTH,false,false,true
NQ,NQH6,NQ.c.0,2026-01-02T14:45:00Z,2026-01-02T14:46:00Z,16992.15,16993.8,16991.4,16993.05,1028,257,16992.6,fixture_csv,true,2026-01-02-RTH,false,false,true
NQ,NQH6,NQ.c.0,2026-01-02T14:46:00Z,2026-01-02T14:47:00Z,16993.05,16994.7,16992.3,16993.95,728,182,16993.5,fixture_csv,true,2026-01-02-RTH,false,false,true
NQ,NQH6,NQ.c.0,2026-01-02T14:47:00Z,2026-01-02T14:48:00Z,16993.95,16995.6,16993.2,16994.85,753,188,16994.4,fixture_csv,true,2026-01-02-RTH,false,false,true
NQ,NQH6,NQ.c.0,2026-01-02T14:48:00Z,2026-01-02T14:49:00Z,16994.85,16996.5,16994.1,16995.75,778,194,16995.3,fixture_csv,true,2026-01-02-RTH,false,false,true
NQ,NQH6,NQ.c.0,2026-01-02T14:49:00Z,2026-01-02T14:50:00Z,16995.75,16997.4,16995.0,16996.65,803,200,16996.2,fixture_csv,true,2026-01-02-RTH,false,false,true
NQ,NQH6,NQ.c.0,2026-01-02T14:50:00Z,2026-01-02T14:51:00Z,16996.65,16998.3,16995.9,16997.55,828,207,16997.1,fixture_csv,true,2026-01-02-RTH,false,false,true
NQ,NQH6,NQ.c.0,2026-01-02T14:51:00Z,2026-01-02T14:52:00Z,16997.55,16999.2,16996.8,16998.45,853,213,16998.0,fixture_csv,true,2026-01-02-RTH,false,false,true
NQ,NQH6,NQ.c.0,2026-01-02T14:52:00Z,2026-01-02T14:53:00Z,16998.45,17000.1,16997.7,16999.35,878,219,16998.9,fixture_csv,true,2026-01-02-RTH,false,false,true
NQ,NQH6,NQ.c.0,2026-01-02T14:53:00Z,2026-01-02T14:54:00Z,16999.35,17001.0,16998.6,17000.25,903,225,16999.8,fixture_csv,true,2026-01-02-RTH,false,false,true
NQ,NQH6,NQ.c.0,2026-01-02T14:54:00Z,2026-01-02T14:55:00Z,17000.25,17001.9,16999.5,17001.15,928,232,17000.7,fixture_csv,true,2026-01-02-RTH,false,false,true
NQ,NQH6,NQ.c.0,2026-01-02T14:55:00Z,2026-01-02T14:56:00Z,17001.15,17002.8,17000.4,17002.05,953,238,17001.6,fixture_csv,true,2026-01-02-RTH,false,false,true
NQ,NQH6,NQ.c.0,2026-01-02T14:56:00Z,2026-01-02T14:57:00Z,17002.05,17003.7,17001.3,17002.95,978,244,17002.5,fixture_csv,true,2026-01-02-RTH,false,false,true
NQ,NQH6,NQ.c.0,2026-01-02T14:57:00Z,2026-01-02T14:58:00Z,17002.95,17004.6,17002.2,17003.85,1003,250,17003.4,fixture_csv,true,2026-01-02-RTH,false,false,true
NQ,NQH6,NQ.c.0,2026-01-02T14:58:00Z,2026-01-02T14:59:00Z,17003.85,17004.6,17003.05,17003.8,1000,250,17003.83,fixture_csv,true,2026-01-02-RTH,false,false,true
NQ,NQH6,NQ.c.0,2026-01-02T14:59:00Z,2026-01-02T15:00:00Z,17003.8,17004.55,17003.0,17003.75,700,175,17003.78,fixture_csv,true,2026-01-02-RTH,false,false,true
NQ,NQH6,NQ.c.0,2026-01-02T15:00:00Z,2026-01-02T15:01:00Z,17003.75,17004.5,17002.95,17003.7,725,181,17003.72,fixture_csv,true,2026-01-02-RTH,false,false,true
NQ,NQH6,NQ.c.0,2026-01-02T15:01:00Z,2026-01-02T15:02:00Z,17003.7,17004.45,17002.9,17003.65,750,187,17003.68,fixture_csv,true,2026-01-02-RTH,false,false,true
NQ,NQH6,NQ.c.0,2026-01-02T15:02:00Z,2026-01-02T15:03:00Z,17003.65,17004.4,17002.85,17003.6,775,193,17003.62,fixture_csv,true,2026-01-02-RTH,false,false,true
NQ,NQH6,NQ.c.0,2026-01-02T15:03:00Z,2026-01-02T15:04:00Z,17003.6,17004.35,17002.8,17003.55,800,200,17003.58,fixture_csv,true,2026-01-02-RTH,false,false,true
NQ,NQH6,NQ.c.0,2026-01-02T15:04:00Z,2026-01-02T15:05:00Z,17003.55,17004.3,17002.75,17003.5,825,206,17003.53,fixture_csv,true,2026-01-02-RTH,false,false,true
NQ,NQH6,NQ.c.0,2026-01-02T15:05:00Z,2026-01-02T15:06:00Z,17003.5,17004.25,17002.7,17003.45,850,212,17003.47,fixture_csv,true,2026-01-02-RTH,false,false,true
NQ,NQH6,NQ.c.0,2026-01-02T15:06:00Z,2026-01-02T15:07:00Z,17003.45,17004.2,17002.65,17003.4,875,218,17003.43,fixture_csv,true,2026-01-02-RTH,false,false,true
NQ,NQH6,NQ.c.0,2026-01-02T15:07:00Z,2026-01-02T15:08:00Z,17003.4,17004.15,17002.6,17003.35,900,225,17003.38,fixture_csv,true,2026-01-02-RTH,false,false,true
NQ,NQH6,NQ.c.0,2026-01-02T15:08:00Z,2026-01-02T15:09:00Z,17003.35,17004.1,17002.55,17003.3,925,231,17003.33,fixture_csv,true,2026-01-02-RTH,false,false,true
NQ,NQH6,NQ.c.0,2026-01-02T15:09:00Z,2026-01-02T15:10:00Z,17003.3,17004.05,17002.5,17003.25,950,237,17003.28,fixture_csv,true,2026-01-02-RTH,false,false,true
NQ,NQH6,NQ.c.0,2026-01-02T15:10:00Z,2026-01-02T15:11:00Z,17003.25,17004.0,17002.45,17003.2,975,243,17003.22,fixture_csv,true,2026-01-02-RTH,false,false,true
NQ,NQH6,NQ.c.0,2026-01-02T15:11:00Z,2026-01-02T15:12:00Z,17003.2,17004.35,17002.45,17003.6,1013,253,17003.4,fixture_csv,true,2026-01-02-RTH,false,false,true
NQ,NQH6,NQ.c.0,2026-01-02T15:12:00Z,2026-01-02T15:13:00Z,17003.6,17004.75,17002.85,17004.0,713,178,17003.8,fixture_csv,true,2026-01-02-RTH,false,false,true
NQ,NQH6,NQ.c.0,2026-01-02T15:13:00Z,2026-01-02T15:14:00Z,17004.0,17005.15,17003.25,17004.4,738,184,17004.2,fixture_csv,true,2026-01-02-RTH,false,false,true
NQ,NQH6,NQ.c.0,2026-01-02T15:14:00Z,2026-01-02T15:15:00Z,17004.4,17005.55,17003.65,17004.8,763,190,17004.6,fixture_csv,true,2026-01-02-RTH,false,false,true
NQ,NQH6,NQ.c.0,2026-01-02T15:15:00Z,2026-01-02T15:16:00Z,17004.8,17005.95,17004.05,17005.2,788,197,17005.0,fixture_csv,true,2026-01-02-RTH,false,false,true
NQ,NQH6,NQ.c.0,2026-01-02T15:16:00Z,2026-01-02T15:17:00Z,17005.2,17006.35,17004.45,17005.6,813,203,17005.4,fixture_csv,true,2026-01-02-RTH,false,false,true
NQ,NQH6,NQ.c.0,2026-01-02T15:17:00Z,2026-01-02T15:18:00Z,17005.6,17006.75,17004.85,17006.0,838,209,17005.8,fixture_csv,true,2026-01-02-RTH,false,false,true
NQ,NQH6,NQ.c.0,2026-01-02T15:18:00Z,2026-01-02T15:19:00Z,17006.0,17007.15,17005.25,17006.4,863,215,17006.2,fixture_csv,true,2026-01-02-RTH,false,false,true
NQ,NQH6,NQ.c.0,2026-01-02T15:19:00Z,2026-01-02T15:20:00Z,17006.4,17007.55,17005.65,17006.8,888,222,17006.6,fixture_csv,true,2026-01-02-RTH,false,false,true
NQ,NQH6,NQ.c.0,2026-01-02T15:20:00Z,2026-01-02T15:21:00Z,17006.8,17007.95,17006.05,17007.2,913,228,17007.0,fixture_csv,true,2026-01-02-RTH,false,false,true
NQ,NQH6,NQ.c.0,2026-01-02T15:21:00Z,2026-01-02T15:22:00Z,17007.2,17008.35,17006.45,17007.6,938,234,17007.4,fixture_csv,true,2026-01-02-RTH,false,false,true
NQ,NQH6,NQ.c.0,2026-01-02T15:22:00Z,2026-01-02T15:23:00Z,17007.6,17008.75,17006.85,17008.0,963,240,17007.8,fixture_csv,true,2026-01-02-RTH,false,false,true
NQ,NQH6,NQ.c.0,2026-01-02T15:23:00Z,2026-01-02T15:24:00Z,17008.0,17009.15,17007.25,17008.4,988,247,17008.2,fixture_csv,true,2026-01-02-RTH,false,false,true
NQ,NQH6,NQ.c.0,2026-01-02T15:24:00Z,2026-01-02T15:25:00Z,17008.4,17009.55,17007.65,17008.8,1013,253,17008.6,fixture_csv,true,2026-01-02-RTH,false,false,true
NQ,NQH6,NQ.c.0,2026-01-02T15:25:00Z,2026-01-02T15:26:00Z,17008.8,17009.55,17008.0,17008.75,700,175,17008.78,fixture_csv,true,2026-01-02-RTH,false,false,true
NQ,NQH6,NQ.c.0,2026-01-02T15:26:00Z,2026-01-02T15:27:00Z,17008.75,17009.5,17007.95,17008.7,725,181,17008.72,fixture_csv,true,2026-01-02-RTH,false,false,true
NQ,NQH6,NQ.c.0,2026-01-02T15:27:00Z,2026-01-02T15:28:00Z,17008.7,17009.45,17007.9,17008.65,750,187,17008.68,fixture_csv,true,2026-01-02-RTH,false,false,true
NQ,NQH6,NQ.c.0,2026-01-02T15:28:00Z,2026-01-02T15:29:00Z,17008.65,17009.4,17007.85,17008.6,775,193,17008.62,fixture_csv,true,2026-01-02-RTH,false,false,true
NQ,NQH6,NQ.c.0,2026-01-02T15:29:00Z,2026-01-02T15:30:00Z,17008.6,17009.35,17007.8,17008.55,800,200,17008.58,fixture_csv,true,2026-01-02-RTH,false,false,true
NQ,NQH6,NQ.c.0,2026-01-02T15:30:00Z,2026-01-02T15:31:00Z,17008.55,17009.3,17007.75,17008.5,825,206,17008.53,fixture_csv,true,2026-01-02-RTH,false,false,true
NQ,NQH6,NQ.c.0,2026-01-02T15:31:00Z,2026-01-02T15:32:00Z,17008.5,17009.25,17007.7,17008.45,850,212,17008.47,fixture_csv,true,2026-01-02-RTH,false,false,true
NQ,NQH6,NQ.c.0,2026-01-02T15:32:00Z,2026-01-02T15:33:00Z,17008.45,17009.2,17007.65,17008.4,875,218,17008.43,fixture_csv,true,2026-01-02-RTH,false,false,true
NQ,NQH6,NQ.c.0,2026-01-02T15:33:00Z,2026-01-02T15:34:00Z,17008.4,17009.15,17007.6,17008.35,900,225,17008.38,fixture_csv,true,2026-01-02-RTH,false,false,true
NQ,NQH6,NQ.c.0,2026-01-02T15:34:00Z,2026-01-02T15:35:00Z,17008.35,17009.1,17007.55,17008.3,925,231,17008.33,fixture_csv,true,2026-01-02-RTH,false,false,true
NQ,NQH6,NQ.c.0,2026-01-02T15:35:00Z,2026-01-02T15:36:00Z,17008.3,17009.05,17007.5,17008.25,950,237,17008.28,fixture_csv,true,2026-01-02-RTH,false,false,true
NQ,NQH6,NQ.c.0,2026-01-02T15:36:00Z,2026-01-02T15:37:00Z,17008.25,17009.0,17007.45,17008.2,975,243,17008.22,fixture_csv,true,2026-01-02-RTH,false,false,true
NQ,NQH6,NQ.c.0,2026-01-02T15:37:00Z,2026-01-02T15:38:00Z,17008.2,17008.95,17007.4,17008.15,1000,250,17008.18,fixture_csv,true,2026-01-02-RTH,false,false,true
NQ,NQH6,NQ.c.0,2026-01-02T15:38:00Z,2026-01-02T15:39:00Z,17008.15,17008.9,17007.35,17008.1,700,175,17008.12,fixture_csv,true,2026-01-02-RTH,false,false,true
NQ,NQH6,NQ.c.0,2026-01-02T15:39:00Z,2026-01-02T15:40:00Z,17008.1,17008.85,17007.3,17008.05,725,181,17008.08,fixture_csv,true,2026-01-02-RTH,false,false,true
NQ,NQH6,NQ.c.0,2026-01-02T15:40:00Z,2026-01-02T15:41:00Z,17008.05,17008.8,17007.25,17008.0,750,187,17008.03,fixture_csv,true,2026-01-02-RTH,false,false,true
NQ,NQH6,NQ.c.0,2026-01-02T15:41:00Z,2026-01-02T15:42:00Z,17008.0,17008.75,17007.2,17007.95,775,193,17007.97,fixture_csv,true,2026-01-02-RTH,false,false,true
NQ,NQH6,NQ.c.0,2026-01-02T15:42:00Z,2026-01-02T15:43:00Z,17007.95,17008.7,17007.15,17007.9,800,200,17007.93,fixture_csv,true,2026-01-02-RTH,false,false,true
NQ,NQH6,NQ.c.0,2026-01-02T15:43:00Z,2026-01-02T15:44:00Z,17007.9,17008.65,17007.1,17007.85,825,206,17007.88,fixture_csv,true,2026-01-02-RTH,false,false,true
NQ,NQH6,NQ.c.0,2026-01-02T15:44:00Z,2026-01-02T15:45:00Z,17007.85,17008.6,17007.05,17007.8,850,212,17007.83,fixture_csv,true,2026-01-02-RTH,false,false,true
NQ,NQH6,NQ.c.0,2026-01-02T15:45:00Z,2026-01-02T15:46:00Z,17007.8,17008.55,17007.0,17007.75,875,218,17007.78,fixture_csv,true,2026-01-02-RTH,false,false,true
NQ,NQH6,NQ.c.0,2026-01-02T15:46:00Z,2026-01-02T15:47:00Z,17007.75,17008.5,17006.95,17007.7,900,225,17007.72,fixture_csv,true,2026-01-02-RTH,false,false,true
NQ,NQH6,NQ.c.0,2026-01-02T15:47:00Z,2026-01-02T15:48:00Z,17007.7,17008.45,17006.9,17007.65,925,231,17007.68,fixture_csv,true,2026-01-02-RTH,false,false,true
NQ,NQH6,NQ.c.0,2026-01-02T15:48:00Z,2026-01-02T15:49:00Z,17007.65,17008.4,17006.85,17007.6,950,237,17007.62,fixture_csv,true,2026-01-02-RTH,false,false,true
NQ,NQH6,NQ.c.0,2026-01-02T15:49:00Z,2026-01-02T15:50:00Z,17007.6,17008.35,17006.8,17007.55,975,243,17007.58,fixture_csv,true,2026-01-02-RTH,false,false,true
NQ,NQH6,NQ.c.0,2026-01-02T15:50:00Z,2026-01-02T15:51:00Z,17007.55,17008.3,17006.75,17007.5,1000,250,17007.53,fixture_csv,true,2026-01-02-RTH,false,false,true
NQ,NQH6,NQ.c.0,2026-01-02T15:51:00Z,2026-01-02T15:52:00Z,17007.5,17008.25,17006.7,17007.45,700,175,17007.47,fixture_csv,true,2026-01-02-RTH,false,false,true
NQ,NQH6,NQ.c.0,2026-01-02T15:52:00Z,2026-01-02T15:53:00Z,17007.45,17008.2,17006.65,17007.4,725,181,17007.43,fixture_csv,true,2026-01-02-RTH,false,false,true
NQ,NQH6,NQ.c.0,2026-01-02T15:53:00Z,2026-01-02T15:54:00Z,17007.4,17008.15,17006.6,17007.35,750,187,17007.38,fixture_csv,true,2026-01-02-RTH,false,false,true
NQ,NQH6,NQ.c.0,2026-01-02T15:54:00Z,2026-01-02T15:55:00Z,17007.35,17008.1,17006.55,17007.3,775,193,17007.33,fixture_csv,true,2026-01-02-RTH,false,false,true
NQ,NQH6,NQ.c.0,2026-01-02T15:55:00Z,2026-01-02T15:56:00Z,17007.3,17008.05,17006.5,17007.25,800,200,17007.28,fixture_csv,true,2026-01-02-RTH,false,false,true
NQ,NQH6,NQ.c.0,2026-01-02T15:56:00Z,2026-01-02T15:57:00Z,17007.25,17008.0,17006.45,17007.2,825,206,17007.22,fixture_csv,true,2026-01-02-RTH,false,false,true
NQ,NQH6,NQ.c.0,2026-01-02T15:57:00Z,2026-01-02T15:58:00Z,17007.2,17007.95,17006.4,17007.15,850,212,17007.18,fixture_csv,true,2026-01-02-RTH,false,false,true
NQ,NQH6,NQ.c.0,2026-01-02T15:58:00Z,2026-01-02T15:59:00Z,17007.15,17007.9,17006.35,17007.1,875,218,17007.12,fixture_csv,true,2026-01-02-RTH,false,false,true
NQ,NQH6,NQ.c.0,2026-01-02T15:59:00Z,2026-01-02T16:00:00Z,17007.1,17007.85,17006.3,17007.05,900,225,17007.08,fixture_csv,true,2026-01-02-RTH,false,false,true
NQ,NQH6,NQ.c.0,2026-01-02T16:00:00Z,2026-01-02T16:01:00Z,17007.05,17007.8,17006.25,17007.0,925,231,17007.03,fixture_csv,true,2026-01-02-RTH,false,false,true
NQ,NQH6,NQ.c.0,2026-01-02T16:01:00Z,2026-01-02T16:02:00Z,17007.0,17007.75,17006.2,17006.95,950,237,17006.97,fixture_csv,true,2026-01-02-RTH,false,false,true
NQ,NQH6,NQ.c.0,2026-01-02T16:02:00Z,2026-01-02T16:03:00Z,17006.95,17007.7,17006.15,17006.9,975,243,17006.93,fixture_csv,true,2026-01-02-RTH,false,false,true
NQ,NQH6,NQ.c.0,2026-01-02T16:03:00Z,2026-01-02T16:04:00Z,17006.9,17007.65,17006.1,17006.85,1000,250,17006.88,fixture_csv,true,2026-01-02-RTH,false,false,true
NQ,NQH6,NQ.c.0,2026-01-02T16:04:00Z,2026-01-02T16:05:00Z,17006.85,17007.6,17006.05,17006.8,700,175,17006.83,fixture_csv,true,2026-01-02-RTH,false,false,true
NQ,NQH6,NQ.c.0,2026-01-02T16:05:00Z,2026-01-02T16:06:00Z,17006.8,17007.55,17006.0,17006.75,725,181,17006.78,fixture_csv,true,2026-01-02-RTH,false,false,true
NQ,NQH6,NQ.c.0,2026-01-02T16:06:00Z,2026-01-02T16:07:00Z,17006.75,17007.5,17005.95,17006.7,750,187,17006.72,fixture_csv,true,2026-01-02-RTH,false,false,true
NQ,NQH6,NQ.c.0,2026-01-02T16:07:00Z,2026-01-02T16:08:00Z,17006.7,17007.45,17005.9,17006.65,775,193,17006.68,fixture_csv,true,2026-01-02-RTH,false,false,true
NQ,NQH6,NQ.c.0,2026-01-02T16:08:00Z,2026-01-02T16:09:00Z,17006.65,17007.4,17005.85,17006.6,800,200,17006.62,fixture_csv,true,2026-01-02-RTH,false,false,true
NQ,NQH6,NQ.c.0,2026-01-02T16:09:00Z,2026-01-02T16:10:00Z,17006.6,17007.35,17005.8,17006.55,825,206,17006.58,fixture_csv,true,2026-01-02-RTH,false,false,true
NQ,NQH6,NQ.c.0,2026-01-02T16:10:00Z,2026-01-02T16:11:00Z,17006.55,17007.3,17005.75,17006.5,850,212,17006.53,fixture_csv,true,2026-01-02-RTH,false,false,true
NQ,NQH6,NQ.c.0,2026-01-02T16:11:00Z,2026-01-02T16:12:00Z,17006.5,17007.25,17005.7,17006.45,875,218,17006.47,fixture_csv,true,2026-01-02-RTH,false,false,true
NQ,NQH6,NQ.c.0,2026-01-02T16:12:00Z,2026-01-02T16:13:00Z,17006.45,17007.2,17005.65,17006.4,900,225,17006.43,fixture_csv,true,2026-01-02-RTH,false,false,true
NQ,NQH6,NQ.c.0,2026-01-02T16:13:00Z,2026-01-02T16:14:00Z,17006.4,17007.15,17005.6,17006.35,925,231,17006.38,fixture_csv,true,2026-01-02-RTH,false,false,true
NQ,NQH6,NQ.c.0,2026-01-02T16:14:00Z,2026-01-02T16:15:00Z,17006.35,17007.1,17005.55,17006.3,950,237,17006.33,fixture_csv,true,2026-01-02-RTH,false,false,true
NQ,NQH6,NQ.c.0,2026-01-02T16:15:00Z,2026-01-02T16:16:00Z,17006.3,17007.05,17005.5,17006.25,975,243,17006.28,fixture_csv,true,2026-01-02-RTH,false,false,true
NQ,NQH6,NQ.c.0,2026-01-02T16:16:00Z,2026-01-02T16:17:00Z,17006.25,17007.0,17005.45,17006.2,1000,250,17006.22,fixture_csv,true,2026-01-02-RTH,false,false,true
NQ,NQH6,NQ.c.0,2026-01-02T16:17:00Z,2026-01-02T16:18:00Z,17006.2,17006.95,17005.4,17006.15,700,175,17006.18,fixture_csv,true,2026-01-02-RTH,false,false,true
NQ,NQH6,NQ.c.0,2026-01-02T16:18:00Z,2026-01-02T16:19:00Z,17006.15,17006.9,17005.35,17006.1,725,181,17006.12,fixture_csv,true,2026-01-02-RTH,false,false,true
NQ,NQH6,NQ.c.0,2026-01-02T16:19:00Z,2026-01-02T16:20:00Z,17006.1,17006.85,17005.3,17006.05,750,187,17006.08,fixture_csv,true,2026-01-02-RTH,false,false,true
NQ,NQH6,NQ.c.0,2026-01-02T16:20:00Z,2026-01-02T16:21:00Z,17006.05,17006.8,17005.25,17006.0,775,193,17006.03,fixture_csv,true,2026-01-02-RTH,false,false,true
NQ,NQH6,NQ.c.0,2026-01-02T16:21:00Z,2026-01-02T16:22:00Z,17006.0,17006.75,17005.2,17005.95,800,200,17005.97,fixture_csv,true,2026-01-02-RTH,false,false,true
NQ,NQH6,NQ.c.0,2026-01-02T16:22:00Z,2026-01-02T16:23:00Z,17005.95,17006.7,17005.15,17005.9,825,206,17005.93,fixture_csv,true,2026-01-02-RTH,false,false,true
NQ,NQH6,NQ.c.0,2026-01-02T16:23:00Z,2026-01-02T16:24:00Z,17005.9,17006.65,17005.1,17005.85,850,212,17005.88,fixture_csv,true,2026-01-02-RTH,false,false,true
NQ,NQH6,NQ.c.0,2026-01-02T16:24:00Z,2026-01-02T16:25:00Z,17005.85,17006.6,17005.05,17005.8,875,218,17005.83,fixture_csv,true,2026-01-02-RTH,false,false,true
NQ,NQH6,NQ.c.0,2026-01-02T16:25:00Z,2026-01-02T16:26:00Z,17005.8,17006.55,17005.0,17005.75,900,225,17005.78,fixture_csv,true,2026-01-02-RTH,false,false,true
NQ,NQH6,NQ.c.0,2026-01-02T16:26:00Z,2026-01-02T16:27:00Z,17005.75,17006.5,17004.95,17005.7,925,231,17005.72,fixture_csv,true,2026-01-02-RTH,false,false,true
NQ,NQH6,NQ.c.0,2026-01-02T16:27:00Z,2026-01-02T16:28:00Z,17005.7,17006.45,17004.9,17005.65,950,237,17005.68,fixture_csv,true,2026-01-02-RTH,false,false,true
NQ,NQH6,NQ.c.0,2026-01-02T16:28:00Z,2026-01-02T16:29:00Z,17005.65,17006.4,17004.85,17005.6,975,243,17005.62,fixture_csv,true,2026-01-02-RTH,false,false,true
NQ,NQH6,NQ.c.0,2026-01-02T16:29:00Z,2026-01-02T16:30:00Z,17005.6,17006.35,17004.8,17005.55,1000,250,17005.58,fixture_csv,true,2026-01-02-RTH,false,false,true
NQ,NQH6,NQ.c.0,2026-01-02T16:30:00Z,2026-01-02T16:31:00Z,17005.55,17006.3,17004.75,17005.5,700,175,17005.53,fixture_csv,true,2026-01-02-RTH,false,false,true
NQ,NQH6,NQ.c.0,2026-01-02T16:31:00Z,2026-01-02T16:32:00Z,17005.5,17006.25,17004.7,17005.45,725,181,17005.47,fixture_csv,true,2026-01-02-RTH,false,false,true
NQ,NQH6,NQ.c.0,2026-01-02T16:32:00Z,2026-01-02T16:33:00Z,17005.45,17006.2,17004.65,17005.4,750,187,17005.43,fixture_csv,true,2026-01-02-RTH,false,false,true
NQ,NQH6,NQ.c.0,2026-01-02T16:33:00Z,2026-01-02T16:34:00Z,17005.4,17006.15,17004.6,17005.35,775,193,17005.38,fixture_csv,true,2026-01-02-RTH,false,false,true
NQ,NQH6,NQ.c.0,2026-01-02T16:34:00Z,2026-01-02T16:35:00Z,17005.35,17006.1,17004.55,17005.3,800,200,17005.33,fixture_csv,true,2026-01-02-RTH,false,false,true
NQ,NQH6,NQ.c.0,2026-01-02T16:35:00Z,2026-01-02T16:36:00Z,17005.3,17006.05,17004.5,17005.25,825,206,17005.28,fixture_csv,true,2026-01-02-RTH,false,false,true
NQ,NQH6,NQ.c.0,2026-01-02T16:36:00Z,2026-01-02T16:37:00Z,17005.25,17006.0,17004.45,17005.2,850,212,17005.22,fixture_csv,true,2026-01-02-RTH,false,false,true
NQ,NQH6,NQ.c.0,2026-01-02T16:37:00Z,2026-01-02T16:38:00Z,17005.2,17005.95,17004.4,17005.15,875,218,17005.18,fixture_csv,true,2026-01-02-RTH,false,false,true
NQ,NQH6,NQ.c.0,2026-01-02T16:38:00Z,2026-01-02T16:39:00Z,17005.15,17005.9,17004.35,17005.1,900,225,17005.12,fixture_csv,true,2026-01-02-RTH,false,false,true
NQ,NQH6,NQ.c.0,2026-01-02T16:39:00Z,2026-01-02T16:40:00Z,17005.1,17005.85,17004.3,17005.05,925,231,17005.08,fixture_csv,true,2026-01-02-RTH,false,false,true
NQ,NQH6,NQ.c.0,2026-01-02T16:40:00Z,2026-01-02T16:41:00Z,17005.05,17005.8,17004.25,17005.0,950,237,17005.03,fixture_csv,true,2026-01-02-RTH,false,false,true
NQ,NQH6,NQ.c.0,2026-01-02T16:41:00Z,2026-01-02T16:42:00Z,17005.0,17005.75,17004.2,17004.95,975,243,17004.97,fixture_csv,true,2026-01-02-RTH,false,false,true
NQ,NQH6,NQ.c.0,2026-01-02T16:42:00Z,2026-01-02T16:43:00Z,17004.95,17005.7,17004.15,17004.9,1000,250,17004.93,fixture_csv,true,2026-01-02-RTH,false,false,true
NQ,NQH6,NQ.c.0,2026-01-02T16:43:00Z,2026-01-02T16:44:00Z,17004.9,17005.65,17004.1,17004.85,700,175,17004.88,fixture_csv,true,2026-01-02-RTH,false,false,true
NQ,NQH6,NQ.c.0,2026-01-02T16:44:00Z,2026-01-02T16:45:00Z,17004.85,17005.6,17004.05,17004.8,725,181,17004.83,fixture_csv,true,2026-01-02-RTH,false,false,true
NQ,NQH6,NQ.c.0,2026-01-02T16:45:00Z,2026-01-02T16:46:00Z,17004.8,17005.55,17004.0,17004.75,750,187,17004.78,fixture_csv,true,2026-01-02-RTH,false,false,true
NQ,NQH6,NQ.c.0,2026-01-02T16:46:00Z,2026-01-02T16:47:00Z,17004.75,17005.5,17003.95,17004.7,775,193,17004.72,fixture_csv,true,2026-01-02-RTH,false,false,true
NQ,NQH6,NQ.c.0,2026-01-02T16:47:00Z,2026-01-02T16:48:00Z,17004.7,17005.45,17003.9,17004.65,800,200,17004.68,fixture_csv,true,2026-01-02-RTH,false,false,true
NQ,NQH6,NQ.c.0,2026-01-02T16:48:00Z,2026-01-02T16:49:00Z,17004.65,17005.4,17003.85,17004.6,825,206,17004.62,fixture_csv,true,2026-01-02-RTH,false,false,true
NQ,NQH6,NQ.c.0,2026-01-02T16:49:00Z,2026-01-02T16:50:00Z,17004.6,17005.35,17003.8,17004.55,850,212,17004.58,fixture_csv,true,2026-01-02-RTH,false,false,true
NQ,NQH6,NQ.c.0,2026-01-02T16:50:00Z,2026-01-02T16:51:00Z,17004.55,17005.3,17003.75,17004.5,875,218,17004.53,fixture_csv,true,2026-01-02-RTH,false,false,true
NQ,NQH6,NQ.c.0,2026-01-02T16:51:00Z,2026-01-02T16:52:00Z,17004.5,17005.25,17003.7,17004.45,900,225,17004.47,fixture_csv,true,2026-01-02-RTH,false,false,true
NQ,NQH6,NQ.c.0,2026-01-02T16:52:00Z,2026-01-02T16:53:00Z,17004.45,17005.2,17003.65,17004.4,925,231,17004.43,fixture_csv,true,2026-01-02-RTH,false,false,true
NQ,NQH6,NQ.c.0,2026-01-02T16:53:00Z,2026-01-02T16:54:00Z,17004.4,17005.15,17003.6,17004.35,950,237,17004.38,fixture_csv,true,2026-01-02-RTH,false,false,true
NQ,NQH6,NQ.c.0,2026-01-02T16:54:00Z,2026-01-02T16:55:00Z,17004.35,17005.1,17003.55,17004.3,975,243,17004.33,fixture_csv,true,2026-01-02-RTH,false,false,true
NQ,NQH6,NQ.c.0,2026-01-02T16:55:00Z,2026-01-02T16:56:00Z,17004.3,17005.05,17003.5,17004.25,1000,250,17004.28,fixture_csv,true,2026-01-02-RTH,false,false,true
NQ,NQH6,NQ.c.0,2026-01-02T16:56:00Z,2026-01-02T16:57:00Z,17004.25,17005.0,17003.45,17004.2,700,175,17004.22,fixture_csv,true,2026-01-02-RTH,false,false,true
NQ,NQH6,NQ.c.0,2026-01-02T16:57:00Z,2026-01-02T16:58:00Z,17004.2,17004.95,17003.4,17004.15,725,181,17004.18,fixture_csv,true,2026-01-02-RTH,false,false,true
NQ,NQH6,NQ.c.0,2026-01-02T16:58:00Z,2026-01-02T16:59:00Z,17004.15,17004.9,17003.35,17004.1,750,187,17004.12,fixture_csv,true,2026-01-02-RTH,false,false,true
NQ,NQH6,NQ.c.0,2026-01-02T16:59:00Z,2026-01-02T17:00:00Z,17004.1,17004.85,17003.3,17004.05,775,193,17004.08,fixture_csv,true,2026-01-02-RTH,false,false,true
NQ,NQH6,NQ.c.0,2026-01-02T17:00:00Z,2026-01-02T17:01:00Z,17004.05,17004.8,17003.25,17004.0,800,200,17004.03,fixture_csv,true,2026-01-02-RTH,false,false,true
NQ,NQH6,NQ.c.0,2026-01-02T17:01:00Z,2026-01-02T17:02:00Z,17004.0,17004.75,17003.2,17003.95,825,206,17003.97,fixture_csv,true,2026-01-02-RTH,false,false,true
NQ,NQH6,NQ.c.0,2026-01-02T17:02:00Z,2026-01-02T17:03:00Z,17003.95,17004.7,17003.15,17003.9,850,212,17003.93,fixture_csv,true,2026-01-02-RTH,false,false,true
NQ,NQH6,NQ.c.0,2026-01-02T17:03:00Z,2026-01-02T17:04:00Z,17003.9,17004.65,17003.1,17003.85,875,218,17003.88,fixture_csv,true,2026-01-02-RTH,false,false,true
NQ,NQH6,NQ.c.0,2026-01-02T17:04:00Z,2026-01-02T17:05:00Z,17003.85,17004.6,17003.05,17003.8,900,225,17003.83,fixture_csv,true,2026-01-02-RTH,false,false,true
NQ,NQH6,NQ.c.0,2026-01-02T17:05:00Z,2026-01-02T17:06:00Z,17003.8,17004.55,17003.0,17003.75,925,231,17003.78,fixture_csv,true,2026-01-02-RTH,false,false,true
NQ,NQH6,NQ.c.0,2026-01-02T17:06:00Z,2026-01-02T17:07:00Z,17003.75,17004.5,17002.95,17003.7,950,237,17003.72,fixture_csv,true,2026-01-02-RTH,false,false,true
NQ,NQH6,NQ.c.0,2026-01-02T17:07:00Z,2026-01-02T17:08:00Z,17003.7,17004.45,17002.9,17003.65,975,243,17003.68,fixture_csv,true,2026-01-02-RTH,false,false,true
NQ,NQH6,NQ.c.0,2026-01-02T17:08:00Z,2026-01-02T17:09:00Z,17003.65,17004.4,17002.85,17003.6,1000,250,17003.62,fixture_csv,true,2026-01-02-RTH,false,false,true
NQ,NQH6,NQ.c.0,2026-01-02T17:09:00Z,2026-01-02T17:10:00Z,17003.6,17004.35,17002.8,17003.55,700,175,17003.58,fixture_csv,true,2026-01-02-RTH,false,false,true
NQ,NQH6,NQ.c.0,2026-01-05T14:30:00Z,2026-01-05T14:31:00Z,17120.0,17120.95,17119.25,17120.2,700,175,17120.1,fixture_csv,true,2026-01-05-RTH,false,false,true
NQ,NQH6,NQ.c.0,2026-01-05T14:31:00Z,2026-01-05T14:32:00Z,17120.2,17121.15,17119.45,17120.4,725,181,17120.3,fixture_csv,true,2026-01-05-RTH,false,false,true
NQ,NQH6,NQ.c.0,2026-01-05T14:32:00Z,2026-01-05T14:33:00Z,17120.4,17121.35,17119.65,17120.6,750,187,17120.5,fixture_csv,true,2026-01-05-RTH,false,false,true
NQ,NQH6,NQ.c.0,2026-01-05T14:33:00Z,2026-01-05T14:34:00Z,17120.6,17121.55,17119.85,17120.8,775,193,17120.7,fixture_csv,true,2026-01-05-RTH,false,false,true
NQ,NQH6,NQ.c.0,2026-01-05T14:34:00Z,2026-01-05T14:35:00Z,17120.8,17121.75,17120.05,17121.0,800,200,17120.9,fixture_csv,true,2026-01-05-RTH,false,false,true
NQ,NQH6,NQ.c.0,2026-01-05T14:35:00Z,2026-01-05T14:36:00Z,17121.0,17121.95,17120.25,17121.2,825,206,17121.1,fixture_csv,true,2026-01-05-RTH,false,false,true
NQ,NQH6,NQ.c.0,2026-01-05T14:36:00Z,2026-01-05T14:37:00Z,17121.2,17122.15,17120.45,17121.4,850,212,17121.3,fixture_csv,true,2026-01-05-RTH,false,false,true
NQ,NQH6,NQ.c.0,2026-01-05T14:37:00Z,2026-01-05T14:38:00Z,17121.4,17122.35,17120.65,17121.6,875,218,17121.5,fixture_csv,true,2026-01-05-RTH,false,false,true
NQ,NQH6,NQ.c.0,2026-01-05T14:38:00Z,2026-01-05T14:39:00Z,17121.6,17122.55,17120.85,17121.8,900,225,17121.7,fixture_csv,true,2026-01-05-RTH,false,false,true
NQ,NQH6,NQ.c.0,2026-01-05T14:39:00Z,2026-01-05T14:40:00Z,17121.8,17122.75,17121.05,17122.0,925,231,17121.9,fixture_csv,true,2026-01-05-RTH,false,false,true
NQ,NQH6,NQ.c.0,2026-01-05T14:40:00Z,2026-01-05T14:41:00Z,17122.0,17122.95,17121.25,17122.2,950,237,17122.1,fixture_csv,true,2026-01-05-RTH,false,false,true
NQ,NQH6,NQ.c.0,2026-01-05T14:41:00Z,2026-01-05T14:42:00Z,17122.2,17123.5,17121.45,17122.75,985,246,17122.47,fixture_csv,true,2026-01-05-RTH,false,false,true
NQ,NQH6,NQ.c.0,2026-01-05T14:42:00Z,2026-01-05T14:43:00Z,17122.75,17124.05,17122.0,17123.3,1010,252,17123.03,fixture_csv,true,2026-01-05-RTH,false,false,true
NQ,NQH6,NQ.c.0,2026-01-05T14:43:00Z,2026-01-05T14:44:00Z,17123.3,17124.6,17122.55,17123.85,710,177,17123.57,fixture_csv,true,2026-01-05-RTH,false,false,true
NQ,NQH6,NQ.c.0,2026-01-05T14:44:00Z,2026-01-05T14:45:00Z,17123.85,17125.15,17123.1,17124.4,735,183,17124.12,fixture_csv,true,2026-01-05-RTH,false,false,true
NQ,NQH6,NQ.c.0,2026-01-05T14:45:00Z,2026-01-05T14:46:00Z,17124.4,17125.7,17123.65,17124.95,760,190,17124.68,fixture_csv,true,2026-01-05-RTH,false,false,true
NQ,NQH6,NQ.c.0,2026-01-05T14:46:00Z,2026-01-05T14:47:00Z,17124.95,17126.25,17124.2,17125.5,785,196,17125.22,fixture_csv,true,2026-01-05-RTH,false,false,true
NQ,NQH6,NQ.c.0,2026-01-05T14:47:00Z,2026-01-05T14:48:00Z,17125.5,17126.8,17124.75,17126.05,810,202,17125.78,fixture_csv,true,2026-01-05-RTH,false,false,true
NQ,NQH6,NQ.c.0,2026-01-05T14:48:00Z,2026-01-05T14:49:00Z,17126.05,17127.35,17125.3,17126.6,835,208,17126.32,fixture_csv,true,2026-01-05-RTH,false,false,true
NQ,NQH6,NQ.c.0,2026-01-05T14:49:00Z,2026-01-05T14:50:00Z,17126.6,17127.9,17125.85,17127.15,860,215,17126.88,fixture_csv,true,2026-01-05-RTH,false,false,true
NQ,NQH6,NQ.c.0,2026-01-05T14:50:00Z,2026-01-05T14:51:00Z,17127.15,17128.45,17126.4,17127.7,885,221,17127.43,fixture_csv,true,2026-01-05-RTH,false,false,true
NQ,NQH6,NQ.c.0,2026-01-05T14:51:00Z,2026-01-05T14:52:00Z,17127.7,17129.0,17126.95,17128.25,910,227,17127.97,fixture_csv,true,2026-01-05-RTH,false,false,true
NQ,NQH6,NQ.c.0,2026-01-05T14:52:00Z,2026-01-05T14:53:00Z,17128.25,17129.0,17127.0,17127.75,946,236,17128.0,fixture_csv,true,2026-01-05-RTH,false,false,true
NQ,NQH6,NQ.c.0,2026-01-05T14:53:00Z,2026-01-05T14:54:00Z,17127.75,17128.5,17126.5,17127.25,971,242,17127.5,fixture_csv,true,2026-01-05-RTH,false,false,true
NQ,NQH6,NQ.c.0,2026-01-05T14:54:00Z,2026-01-05T14:55:00Z,17127.25,17128.0,17126.0,17126.75,996,249,17127.0,fixture_csv,true,2026-01-05-RTH,false,false,true
NQ,NQH6,NQ.c.0,2026-01-05T14:55:00Z,2026-01-05T14:56:00Z,17126.75,17127.5,17125.5,17126.25,1021,255,17126.5,fixture_csv,true,2026-01-05-RTH,false,false,true
NQ,NQH6,NQ.c.0,2026-01-05T14:56:00Z,2026-01-05T14:57:00Z,17126.25,17127.0,17125.0,17125.75,721,180,17126.0,fixture_csv,true,2026-01-05-RTH,false,false,true
NQ,NQH6,NQ.c.0,2026-01-05T14:57:00Z,2026-01-05T14:58:00Z,17125.75,17126.5,17124.5,17125.25,746,186,17125.5,fixture_csv,true,2026-01-05-RTH,false,false,true
NQ,NQH6,NQ.c.0,2026-01-05T14:58:00Z,2026-01-05T14:59:00Z,17125.25,17126.0,17124.0,17124.75,771,192,17125.0,fixture_csv,true,2026-01-05-RTH,false,false,true
NQ,NQH6,NQ.c.0,2026-01-05T14:59:00Z,2026-01-05T15:00:00Z,17124.75,17125.5,17123.5,17124.25,796,199,17124.5,fixture_csv,true,2026-01-05-RTH,false,false,true
NQ,NQH6,NQ.c.0,2026-01-05T15:00:00Z,2026-01-05T15:01:00Z,17124.25,17125.0,17123.0,17123.75,821,205,17124.0,fixture_csv,true,2026-01-05-RTH,false,false,true
NQ,NQH6,NQ.c.0,2026-01-05T15:01:00Z,2026-01-05T15:02:00Z,17123.75,17124.5,17122.5,17123.25,846,211,17123.5,fixture_csv,true,2026-01-05-RTH,false,false,true
NQ,NQH6,NQ.c.0,2026-01-05T15:02:00Z,2026-01-05T15:03:00Z,17123.25,17124.0,17122.0,17122.75,871,217,17123.0,fixture_csv,true,2026-01-05-RTH,false,false,true
NQ,NQH6,NQ.c.0,2026-01-05T15:03:00Z,2026-01-05T15:04:00Z,17122.75,17123.5,17121.5,17122.25,896,224,17122.5,fixture_csv,true,2026-01-05-RTH,false,false,true
NQ,NQH6,NQ.c.0,2026-01-05T15:04:00Z,2026-01-05T15:05:00Z,17122.25,17123.0,17121.0,17121.75,921,230,17122.0,fixture_csv,true,2026-01-05-RTH,false,false,true
NQ,NQH6,NQ.c.0,2026-01-05T15:05:00Z,2026-01-05T15:06:00Z,17121.75,17122.5,17120.5,17121.25,946,236,17121.5,fixture_csv,true,2026-01-05-RTH,false,false,true
NQ,NQH6,NQ.c.0,2026-01-05T15:06:00Z,2026-01-05T15:07:00Z,17121.25,17122.0,17120.0,17120.75,971,242,17121.0,fixture_csv,true,2026-01-05-RTH,false,false,true
NQ,NQH6,NQ.c.0,2026-01-05T15:07:00Z,2026-01-05T15:08:00Z,17120.75,17121.5,17119.5,17120.25,996,249,17120.5,fixture_csv,true,2026-01-05-RTH,false,false,true
NQ,NQH6,NQ.c.0,2026-01-05T15:08:00Z,2026-01-05T15:09:00Z,17120.25,17121.2,17119.5,17120.45,1000,250,17120.35,fixture_csv,true,2026-01-05-RTH,false,false,true
NQ,NQH6,NQ.c.0,2026-01-05T15:09:00Z,2026-01-05T15:10:00Z,17120.45,17121.4,17119.7,17120.65,700,175,17120.55,fixture_csv,true,2026-01-05-RTH,false,false,true
NQ,NQH6,NQ.c.0,2026-01-05T15:10:00Z,2026-01-05T15:11:00Z,17120.65,17121.6,17119.9,17120.85,725,181,17120.75,fixture_csv,true,2026-01-05-RTH,false,false,true
NQ,NQH6,NQ.c.0,2026-01-05T15:11:00Z,2026-01-05T15:12:00Z,17120.85,17121.8,17120.1,17121.05,750,187,17120.95,fixture_csv,true,2026-01-05-RTH,false,false,true
NQ,NQH6,NQ.c.0,2026-01-05T15:12:00Z,2026-01-05T15:13:00Z,17121.05,17122.0,17120.3,17121.25,775,193,17121.15,fixture_csv,true,2026-01-05-RTH,false,false,true
NQ,NQH6,NQ.c.0,2026-01-05T15:13:00Z,2026-01-05T15:14:00Z,17121.25,17122.2,17120.5,17121.45,800,200,17121.35,fixture_csv,true,2026-01-05-RTH,false,false,true
NQ,NQH6,NQ.c.0,2026-01-05T15:14:00Z,2026-01-05T15:15:00Z,17121.45,17122.4,17120.7,17121.65,825,206,17121.55,fixture_csv,true,2026-01-05-RTH,false,false,true
NQ,NQH6,NQ.c.0,2026-01-05T15:15:00Z,2026-01-05T15:16:00Z,17121.65,17122.6,17120.9,17121.85,850,212,17121.75,fixture_csv,true,2026-01-05-RTH,false,false,true
NQ,NQH6,NQ.c.0,2026-01-05T15:16:00Z,2026-01-05T15:17:00Z,17121.85,17122.8,17121.1,17122.05,875,218,17121.95,fixture_csv,true,2026-01-05-RTH,false,false,true
NQ,NQH6,NQ.c.0,2026-01-05T15:17:00Z,2026-01-05T15:18:00Z,17122.05,17123.0,17121.3,17122.25,900,225,17122.15,fixture_csv,true,2026-01-05-RTH,false,false,true
NQ,NQH6,NQ.c.0,2026-01-05T15:18:00Z,2026-01-05T15:19:00Z,17122.25,17123.2,17121.5,17122.45,925,231,17122.35,fixture_csv,true,2026-01-05-RTH,false,false,true
NQ,NQH6,NQ.c.0,2026-01-05T15:19:00Z,2026-01-05T15:20:00Z,17122.45,17123.4,17121.7,17122.65,950,237,17122.55,fixture_csv,true,2026-01-05-RTH,false,false,true
NQ,NQH6,NQ.c.0,2026-01-05T15:20:00Z,2026-01-05T15:21:00Z,17122.65,17123.6,17121.9,17122.85,975,243,17122.75,fixture_csv,true,2026-01-05-RTH,false,false,true
NQ,NQH6,NQ.c.0,2026-01-05T15:21:00Z,2026-01-05T15:22:00Z,17122.85,17123.8,17122.1,17123.05,1000,250,17122.95,fixture_csv,true,2026-01-05-RTH,false,false,true
NQ,NQH6,NQ.c.0,2026-01-05T15:22:00Z,2026-01-05T15:23:00Z,17123.05,17124.0,17122.3,17123.25,700,175,17123.15,fixture_csv,true,2026-01-05-RTH,false,false,true
NQ,NQH6,NQ.c.0,2026-01-05T15:23:00Z,2026-01-05T15:24:00Z,17123.25,17124.2,17122.5,17123.45,725,181,17123.35,fixture_csv,true,2026-01-05-RTH,false,false,true
NQ,NQH6,NQ.c.0,2026-01-05T15:24:00Z,2026-01-05T15:25:00Z,17123.45,17124.4,17122.7,17123.65,750,187,17123.55,fixture_csv,true,2026-01-05-RTH,false,false,true
NQ,NQH6,NQ.c.0,2026-01-05T15:25:00Z,2026-01-05T15:26:00Z,17123.65,17124.6,17122.9,17123.85,775,193,17123.75,fixture_csv,true,2026-01-05-RTH,false,false,true
NQ,NQH6,NQ.c.0,2026-01-05T15:26:00Z,2026-01-05T15:27:00Z,17123.85,17124.8,17123.1,17124.05,800,200,17123.95,fixture_csv,true,2026-01-05-RTH,false,false,true
NQ,NQH6,NQ.c.0,2026-01-05T15:27:00Z,2026-01-05T15:28:00Z,17124.05,17125.0,17123.3,17124.25,825,206,17124.15,fixture_csv,true,2026-01-05-RTH,false,false,true
NQ,NQH6,NQ.c.0,2026-01-05T15:28:00Z,2026-01-05T15:29:00Z,17124.25,17125.2,17123.5,17124.45,850,212,17124.35,fixture_csv,true,2026-01-05-RTH,false,false,true
NQ,NQH6,NQ.c.0,2026-01-05T15:29:00Z,2026-01-05T15:30:00Z,17124.45,17125.4,17123.7,17124.65,875,218,17124.55,fixture_csv,true,2026-01-05-RTH,false,false,true
NQ,NQH6,NQ.c.0,2026-01-05T15:30:00Z,2026-01-05T15:31:00Z,17124.65,17125.6,17123.9,17124.85,900,225,17124.75,fixture_csv,true,2026-01-05-RTH,false,false,true
NQ,NQH6,NQ.c.0,2026-01-05T15:31:00Z,2026-01-05T15:32:00Z,17124.85,17125.8,17124.1,17125.05,925,231,17124.95,fixture_csv,true,2026-01-05-RTH,false,false,true
NQ,NQH6,NQ.c.0,2026-01-05T15:32:00Z,2026-01-05T15:33:00Z,17125.05,17126.0,17124.3,17125.25,950,237,17125.15,fixture_csv,true,2026-01-05-RTH,false,false,true
NQ,NQH6,NQ.c.0,2026-01-05T15:33:00Z,2026-01-05T15:34:00Z,17125.25,17126.2,17124.5,17125.45,975,243,17125.35,fixture_csv,true,2026-01-05-RTH,false,false,true
NQ,NQH6,NQ.c.0,2026-01-05T15:34:00Z,2026-01-05T15:35:00Z,17125.45,17126.4,17124.7,17125.65,1000,250,17125.55,fixture_csv,true,2026-01-05-RTH,false,false,true
NQ,NQH6,NQ.c.0,2026-01-05T15:35:00Z,2026-01-05T15:36:00Z,17125.65,17126.6,17124.9,17125.85,700,175,17125.75,fixture_csv,true,2026-01-05-RTH,false,false,true
NQ,NQH6,NQ.c.0,2026-01-05T15:36:00Z,2026-01-05T15:37:00Z,17125.85,17126.8,17125.1,17126.05,725,181,17125.95,fixture_csv,true,2026-01-05-RTH,false,false,true
NQ,NQH6,NQ.c.0,2026-01-05T15:37:00Z,2026-01-05T15:38:00Z,17126.05,17127.0,17125.3,17126.25,750,187,17126.15,fixture_csv,true,2026-01-05-RTH,false,false,true
NQ,NQH6,NQ.c.0,2026-01-05T15:38:00Z,2026-01-05T15:39:00Z,17126.25,17127.2,17125.5,17126.45,775,193,17126.35,fixture_csv,true,2026-01-05-RTH,false,false,true
NQ,NQH6,NQ.c.0,2026-01-05T15:39:00Z,2026-01-05T15:40:00Z,17126.45,17127.4,17125.7,17126.65,800,200,17126.55,fixture_csv,true,2026-01-05-RTH,false,false,true
NQ,NQH6,NQ.c.0,2026-01-05T15:40:00Z,2026-01-05T15:41:00Z,17126.65,17127.6,17125.9,17126.85,825,206,17126.75,fixture_csv,true,2026-01-05-RTH,false,false,true
NQ,NQH6,NQ.c.0,2026-01-05T15:41:00Z,2026-01-05T15:42:00Z,17126.85,17127.8,17126.1,17127.05,850,212,17126.95,fixture_csv,true,2026-01-05-RTH,false,false,true
NQ,NQH6,NQ.c.0,2026-01-05T15:42:00Z,2026-01-05T15:43:00Z,17127.05,17128.0,17126.3,17127.25,875,218,17127.15,fixture_csv,true,2026-01-05-RTH,false,false,true
NQ,NQH6,NQ.c.0,2026-01-05T15:43:00Z,2026-01-05T15:44:00Z,17127.25,17128.2,17126.5,17127.45,900,225,17127.35,fixture_csv,true,2026-01-05-RTH,false,false,true
NQ,NQH6,NQ.c.0,2026-01-05T15:44:00Z,2026-01-05T15:45:00Z,17127.45,17128.4,17126.7,17127.65,925,231,17127.55,fixture_csv,true,2026-01-05-RTH,false,false,true
NQ,NQH6,NQ.c.0,2026-01-05T15:45:00Z,2026-01-05T15:46:00Z,17127.65,17128.6,17126.9,17127.85,950,237,17127.75,fixture_csv,true,2026-01-05-RTH,false,false,true
NQ,NQH6,NQ.c.0,2026-01-05T15:46:00Z,2026-01-05T15:47:00Z,17127.85,17128.8,17127.1,17128.05,975,243,17127.95,fixture_csv,true,2026-01-05-RTH,false,false,true
NQ,NQH6,NQ.c.0,2026-01-05T15:47:00Z,2026-01-05T15:48:00Z,17128.05,17129.0,17127.3,17128.25,1000,250,17128.15,fixture_csv,true,2026-01-05-RTH,false,false,true
NQ,NQH6,NQ.c.0,2026-01-05T15:48:00Z,2026-01-05T15:49:00Z,17128.25,17129.2,17127.5,17128.45,700,175,17128.35,fixture_csv,true,2026-01-05-RTH,false,false,true
NQ,NQH6,NQ.c.0,2026-01-05T15:49:00Z,2026-01-05T15:50:00Z,17128.45,17129.4,17127.7,17128.65,725,181,17128.55,fixture_csv,true,2026-01-05-RTH,false,false,true
NQ,NQH6,NQ.c.0,2026-01-05T15:50:00Z,2026-01-05T15:51:00Z,17128.65,17129.6,17127.9,17128.85,750,187,17128.75,fixture_csv,true,2026-01-05-RTH,false,false,true
NQ,NQH6,NQ.c.0,2026-01-05T15:51:00Z,2026-01-05T15:52:00Z,17128.85,17129.8,17128.1,17129.05,775,193,17128.95,fixture_csv,true,2026-01-05-RTH,false,false,true
NQ,NQH6,NQ.c.0,2026-01-05T15:52:00Z,2026-01-05T15:53:00Z,17129.05,17130.0,17128.3,17129.25,800,200,17129.15,fixture_csv,true,2026-01-05-RTH,false,false,true
NQ,NQH6,NQ.c.0,2026-01-05T15:53:00Z,2026-01-05T15:54:00Z,17129.25,17130.2,17128.5,17129.45,825,206,17129.35,fixture_csv,true,2026-01-05-RTH,false,false,true
NQ,NQH6,NQ.c.0,2026-01-05T15:54:00Z,2026-01-05T15:55:00Z,17129.45,17130.4,17128.7,17129.65,850,212,17129.55,fixture_csv,true,2026-01-05-RTH,false,false,true
NQ,NQH6,NQ.c.0,2026-01-05T15:55:00Z,2026-01-05T15:56:00Z,17129.65,17130.6,17128.9,17129.85,875,218,17129.75,fixture_csv,true,2026-01-05-RTH,false,false,true
NQ,NQH6,NQ.c.0,2026-01-05T15:56:00Z,2026-01-05T15:57:00Z,17129.85,17130.8,17129.1,17130.05,900,225,17129.95,fixture_csv,true,2026-01-05-RTH,false,false,true
NQ,NQH6,NQ.c.0,2026-01-05T15:57:00Z,2026-01-05T15:58:00Z,17130.05,17131.0,17129.3,17130.25,925,231,17130.15,fixture_csv,true,2026-01-05-RTH,false,false,true
NQ,NQH6,NQ.c.0,2026-01-05T15:58:00Z,2026-01-05T15:59:00Z,17130.25,17131.2,17129.5,17130.45,950,237,17130.35,fixture_csv,true,2026-01-05-RTH,false,false,true
NQ,NQH6,NQ.c.0,2026-01-05T15:59:00Z,2026-01-05T16:00:00Z,17130.45,17131.4,17129.7,17130.65,975,243,17130.55,fixture_csv,true,2026-01-05-RTH,false,false,true
NQ,NQH6,NQ.c.0,2026-01-05T16:00:00Z,2026-01-05T16:01:00Z,17130.65,17131.6,17129.9,17130.85,1000,250,17130.75,fixture_csv,true,2026-01-05-RTH,false,false,true
NQ,NQH6,NQ.c.0,2026-01-05T16:01:00Z,2026-01-05T16:02:00Z,17130.85,17131.8,17130.1,17131.05,700,175,17130.95,fixture_csv,true,2026-01-05-RTH,false,false,true
NQ,NQH6,NQ.c.0,2026-01-05T16:02:00Z,2026-01-05T16:03:00Z,17131.05,17132.0,17130.3,17131.25,725,181,17131.15,fixture_csv,true,2026-01-05-RTH,false,false,true
NQ,NQH6,NQ.c.0,2026-01-05T16:03:00Z,2026-01-05T16:04:00Z,17131.25,17132.2,17130.5,17131.45,750,187,17131.35,fixture_csv,true,2026-01-05-RTH,false,false,true
NQ,NQH6,NQ.c.0,2026-01-05T16:04:00Z,2026-01-05T16:05:00Z,17131.45,17132.4,17130.7,17131.65,775,193,17131.55,fixture_csv,true,2026-01-05-RTH,false,false,true
NQ,NQH6,NQ.c.0,2026-01-05T16:05:00Z,2026-01-05T16:06:00Z,17131.65,17132.6,17130.9,17131.85,800,200,17131.75,fixture_csv,true,2026-01-05-RTH,false,false,true
NQ,NQH6,NQ.c.0,2026-01-05T16:06:00Z,2026-01-05T16:07:00Z,17131.85,17132.8,17131.1,17132.05,825,206,17131.95,fixture_csv,true,2026-01-05-RTH,false,false,true
NQ,NQH6,NQ.c.0,2026-01-05T16:07:00Z,2026-01-05T16:08:00Z,17132.05,17133.0,17131.3,17132.25,850,212,17132.15,fixture_csv,true,2026-01-05-RTH,false,false,true
NQ,NQH6,NQ.c.0,2026-01-05T16:08:00Z,2026-01-05T16:09:00Z,17132.25,17133.2,17131.5,17132.45,875,218,17132.35,fixture_csv,true,2026-01-05-RTH,false,false,true
NQ,NQH6,NQ.c.0,2026-01-05T16:09:00Z,2026-01-05T16:10:00Z,17132.45,17133.4,17131.7,17132.65,900,225,17132.55,fixture_csv,true,2026-01-05-RTH,false,false,true
NQ,NQH6,NQ.c.0,2026-01-05T16:10:00Z,2026-01-05T16:11:00Z,17132.65,17133.6,17131.9,17132.85,925,231,17132.75,fixture_csv,true,2026-01-05-RTH,false,false,true
NQ,NQH6,NQ.c.0,2026-01-05T16:11:00Z,2026-01-05T16:12:00Z,17132.85,17134.1,17132.1,17133.35,959,239,17133.1,fixture_csv,true,2026-01-05-RTH,false,false,true
NQ,NQH6,NQ.c.0,2026-01-05T16:12:00Z,2026-01-05T16:13:00Z,17133.35,17134.6,17132.6,17133.85,984,246,17133.6,fixture_csv,true,2026-01-05-RTH,false,false,true
NQ,NQH6,NQ.c.0,2026-01-05T16:13:00Z,2026-01-05T16:14:00Z,17133.85,17135.1,17133.1,17134.35,1009,252,17134.1,fixture_csv,true,2026-01-05-RTH,false,false,true
NQ,NQH6,NQ.c.0,2026-01-05T16:14:00Z,2026-01-05T16:15:00Z,17134.35,17135.6,17133.6,17134.85,709,177,17134.6,fixture_csv,true,2026-01-05-RTH,false,false,true
NQ,NQH6,NQ.c.0,2026-01-05T16:15:00Z,2026-01-05T16:16:00Z,17134.85,17136.1,17134.1,17135.35,734,183,17135.1,fixture_csv,true,2026-01-05-RTH,false,false,true
NQ,NQH6,NQ.c.0,2026-01-05T16:16:00Z,2026-01-05T16:17:00Z,17135.35,17136.6,17134.6,17135.85,759,189,17135.6,fixture_csv,true,2026-01-05-RTH,false,false,true
NQ,NQH6,NQ.c.0,2026-01-05T16:17:00Z,2026-01-05T16:18:00Z,17135.85,17137.1,17135.1,17136.35,784,196,17136.1,fixture_csv,true,2026-01-05-RTH,false,false,true
NQ,NQH6,NQ.c.0,2026-01-05T16:18:00Z,2026-01-05T16:19:00Z,17136.35,17137.6,17135.6,17136.85,809,202,17136.6,fixture_csv,true,2026-01-05-RTH,false,false,true
NQ,NQH6,NQ.c.0,2026-01-05T16:19:00Z,2026-01-05T16:20:00Z,17136.85,17138.1,17136.1,17137.35,834,208,17137.1,fixture_csv,true,2026-01-05-RTH,false,false,true
NQ,NQH6,NQ.c.0,2026-01-05T16:20:00Z,2026-01-05T16:21:00Z,17137.35,17138.6,17136.6,17137.85,859,214,17137.6,fixture_csv,true,2026-01-05-RTH,false,false,true
NQ,NQH6,NQ.c.0,2026-01-05T16:21:00Z,2026-01-05T16:22:00Z,17137.85,17139.1,17137.1,17138.35,884,221,17138.1,fixture_csv,true,2026-01-05-RTH,false,false,true
NQ,NQH6,NQ.c.0,2026-01-05T16:22:00Z,2026-01-05T16:23:00Z,17138.35,17139.6,17137.6,17138.85,909,227,17138.6,fixture_csv,true,2026-01-05-RTH,false,false,true
NQ,NQH6,NQ.c.0,2026-01-05T16:23:00Z,2026-01-05T16:24:00Z,17138.85,17140.1,17138.1,17139.35,934,233,17139.1,fixture_csv,true,2026-01-05-RTH,false,false,true
NQ,NQH6,NQ.c.0,2026-01-05T16:24:00Z,2026-01-05T16:25:00Z,17139.35,17140.6,17138.6,17139.85,959,239,17139.6,fixture_csv,true,2026-01-05-RTH,false,false,true
NQ,NQH6,NQ.c.0,2026-01-05T16:25:00Z,2026-01-05T16:26:00Z,17139.85,17141.1,17139.1,17140.35,984,246,17140.1,fixture_csv,true,2026-01-05-RTH,false,false,true
NQ,NQH6,NQ.c.0,2026-01-05T16:26:00Z,2026-01-05T16:27:00Z,17140.35,17141.6,17139.6,17140.85,1009,252,17140.6,fixture_csv,true,2026-01-05-RTH,false,false,true
NQ,NQH6,NQ.c.0,2026-01-05T16:27:00Z,2026-01-05T16:28:00Z,17140.85,17142.1,17140.1,17141.35,709,177,17141.1,fixture_csv,true,2026-01-05-RTH,false,false,true
NQ,NQH6,NQ.c.0,2026-01-05T16:28:00Z,2026-01-05T16:29:00Z,17141.35,17142.3,17140.6,17141.55,725,181,17141.45,fixture_csv,true,2026-01-05-RTH,false,false,true
NQ,NQH6,NQ.c.0,2026-01-05T16:29:00Z,2026-01-05T16:30:00Z,17141.55,17142.5,17140.8,17141.75,750,187,17141.65,fixture_csv,true,2026-01-05-RTH,false,false,true
NQ,NQH6,NQ.c.0,2026-01-05T16:30:00Z,2026-01-05T16:31:00Z,17141.75,17142.7,17141.0,17141.95,775,193,17141.85,fixture_csv,true,2026-01-05-RTH,false,false,true
NQ,NQH6,NQ.c.0,2026-01-05T16:31:00Z,2026-01-05T16:32:00Z,17141.95,17142.9,17141.2,17142.15,800,200,17142.05,fixture_csv,true,2026-01-05-RTH,false,false,true
NQ,NQH6,NQ.c.0,2026-01-05T16:32:00Z,2026-01-05T16:33:00Z,17142.15,17143.1,17141.4,17142.35,825,206,17142.25,fixture_csv,true,2026-01-05-RTH,false,false,true
NQ,NQH6,NQ.c.0,2026-01-05T16:33:00Z,2026-01-05T16:34:00Z,17142.35,17143.3,17141.6,17142.55,850,212,17142.45,fixture_csv,true,2026-01-05-RTH,false,false,true
NQ,NQH6,NQ.c.0,2026-01-05T16:34:00Z,2026-01-05T16:35:00Z,17142.55,17143.5,17141.8,17142.75,875,218,17142.65,fixture_csv,true,2026-01-05-RTH,false,false,true
NQ,NQH6,NQ.c.0,2026-01-05T16:35:00Z,2026-01-05T16:36:00Z,17142.75,17143.7,17142.0,17142.95,900,225,17142.85,fixture_csv,true,2026-01-05-RTH,false,false,true
NQ,NQH6,NQ.c.0,2026-01-05T16:36:00Z,2026-01-05T16:37:00Z,17142.95,17143.9,17142.2,17143.15,925,231,17143.05,fixture_csv,true,2026-01-05-RTH,false,false,true
NQ,NQH6,NQ.c.0,2026-01-05T16:37:00Z,2026-01-05T16:38:00Z,17143.15,17144.1,17142.4,17143.35,950,237,17143.25,fixture_csv,true,2026-01-05-RTH,false,false,true
NQ,NQH6,NQ.c.0,2026-01-05T16:38:00Z,2026-01-05T16:39:00Z,17143.35,17144.3,17142.6,17143.55,975,243,17143.45,fixture_csv,true,2026-01-05-RTH,false,false,true
NQ,NQH6,NQ.c.0,2026-01-05T16:39:00Z,2026-01-05T16:40:00Z,17143.55,17144.5,17142.8,17143.75,1000,250,17143.65,fixture_csv,true,2026-01-05-RTH,false,false,true
NQ,NQH6,NQ.c.0,2026-01-05T16:40:00Z,2026-01-05T16:41:00Z,17143.75,17144.7,17143.0,17143.95,700,175,17143.85,fixture_csv,true,2026-01-05-RTH,false,false,true
NQ,NQH6,NQ.c.0,2026-01-05T16:41:00Z,2026-01-05T16:42:00Z,17143.95,17144.9,17143.2,17144.15,725,181,17144.05,fixture_csv,true,2026-01-05-RTH,false,false,true
NQ,NQH6,NQ.c.0,2026-01-05T16:42:00Z,2026-01-05T16:43:00Z,17144.15,17145.1,17143.4,17144.35,750,187,17144.25,fixture_csv,true,2026-01-05-RTH,false,false,true
NQ,NQH6,NQ.c.0,2026-01-05T16:43:00Z,2026-01-05T16:44:00Z,17144.35,17145.3,17143.6,17144.55,775,193,17144.45,fixture_csv,true,2026-01-05-RTH,false,false,true
NQ,NQH6,NQ.c.0,2026-01-05T16:44:00Z,2026-01-05T16:45:00Z,17144.55,17145.5,17143.8,17144.75,800,200,17144.65,fixture_csv,true,2026-01-05-RTH,false,false,true
NQ,NQH6,NQ.c.0,2026-01-05T16:45:00Z,2026-01-05T16:46:00Z,17144.75,17145.7,17144.0,17144.95,825,206,17144.85,fixture_csv,true,2026-01-05-RTH,false,false,true
NQ,NQH6,NQ.c.0,2026-01-05T16:46:00Z,2026-01-05T16:47:00Z,17144.95,17145.9,17144.2,17145.15,850,212,17145.05,fixture_csv,true,2026-01-05-RTH,false,false,true
NQ,NQH6,NQ.c.0,2026-01-05T16:47:00Z,2026-01-05T16:48:00Z,17145.15,17146.1,17144.4,17145.35,875,218,17145.25,fixture_csv,true,2026-01-05-RTH,false,false,true
NQ,NQH6,NQ.c.0,2026-01-05T16:48:00Z,2026-01-05T16:49:00Z,17145.35,17146.3,17144.6,17145.55,900,225,17145.45,fixture_csv,true,2026-01-05-RTH,false,false,true
NQ,NQH6,NQ.c.0,2026-01-05T16:49:00Z,2026-01-05T16:50:00Z,17145.55,17146.5,17144.8,17145.75,925,231,17145.65,fixture_csv,true,2026-01-05-RTH,false,false,true
NQ,NQH6,NQ.c.0,2026-01-05T16:50:00Z,2026-01-05T16:51:00Z,17145.75,17146.7,17145.0,17145.95,950,237,17145.85,fixture_csv,true,2026-01-05-RTH,false,false,true
NQ,NQH6,NQ.c.0,2026-01-05T16:51:00Z,2026-01-05T16:52:00Z,17145.95,17146.9,17145.2,17146.15,975,243,17146.05,fixture_csv,true,2026-01-05-RTH,false,false,true
NQ,NQH6,NQ.c.0,2026-01-05T16:52:00Z,2026-01-05T16:53:00Z,17146.15,17147.1,17145.4,17146.35,1000,250,17146.25,fixture_csv,true,2026-01-05-RTH,false,false,true
NQ,NQH6,NQ.c.0,2026-01-05T16:53:00Z,2026-01-05T16:54:00Z,17146.35,17147.3,17145.6,17146.55,700,175,17146.45,fixture_csv,true,2026-01-05-RTH,false,false,true
NQ,NQH6,NQ.c.0,2026-01-05T16:54:00Z,2026-01-05T16:55:00Z,17146.55,17147.5,17145.8,17146.75,725,181,17146.65,fixture_csv,true,2026-01-05-RTH,false,false,true
NQ,NQH6,NQ.c.0,2026-01-05T16:55:00Z,2026-01-05T16:56:00Z,17146.75,17147.7,17146.0,17146.95,750,187,17146.85,fixture_csv,true,2026-01-05-RTH,false,false,true
NQ,NQH6,NQ.c.0,2026-01-05T16:56:00Z,2026-01-05T16:57:00Z,17146.95,17147.9,17146.2,17147.15,775,193,17147.05,fixture_csv,true,2026-01-05-RTH,false,false,true
NQ,NQH6,NQ.c.0,2026-01-05T16:57:00Z,2026-01-05T16:58:00Z,17147.15,17148.1,17146.4,17147.35,800,200,17147.25,fixture_csv,true,2026-01-05-RTH,false,false,true
NQ,NQH6,NQ.c.0,2026-01-05T16:58:00Z,2026-01-05T16:59:00Z,17147.35,17148.3,17146.6,17147.55,825,206,17147.45,fixture_csv,true,2026-01-05-RTH,false,false,true
NQ,NQH6,NQ.c.0,2026-01-05T16:59:00Z,2026-01-05T17:00:00Z,17147.55,17148.5,17146.8,17147.75,850,212,17147.65,fixture_csv,true,2026-01-05-RTH,false,false,true
NQ,NQH6,NQ.c.0,2026-01-05T17:00:00Z,2026-01-05T17:01:00Z,17147.75,17148.7,17147.0,17147.95,875,218,17147.85,fixture_csv,true,2026-01-05-RTH,false,false,true
NQ,NQH6,NQ.c.0,2026-01-05T17:01:00Z,2026-01-05T17:02:00Z,17147.95,17148.9,17147.2,17148.15,900,225,17148.05,fixture_csv,true,2026-01-05-RTH,false,false,true
NQ,NQH6,NQ.c.0,2026-01-05T17:02:00Z,2026-01-05T17:03:00Z,17148.15,17149.1,17147.4,17148.35,925,231,17148.25,fixture_csv,true,2026-01-05-RTH,false,false,true
NQ,NQH6,NQ.c.0,2026-01-05T17:03:00Z,2026-01-05T17:04:00Z,17148.35,17149.3,17147.6,17148.55,950,237,17148.45,fixture_csv,true,2026-01-05-RTH,false,false,true
NQ,NQH6,NQ.c.0,2026-01-05T17:04:00Z,2026-01-05T17:05:00Z,17148.55,17149.5,17147.8,17148.75,975,243,17148.65,fixture_csv,true,2026-01-05-RTH,false,false,true
NQ,NQH6,NQ.c.0,2026-01-05T17:05:00Z,2026-01-05T17:06:00Z,17148.75,17149.7,17148.0,17148.95,1000,250,17148.85,fixture_csv,true,2026-01-05-RTH,false,false,true
NQ,NQH6,NQ.c.0,2026-01-05T17:06:00Z,2026-01-05T17:07:00Z,17148.95,17149.9,17148.2,17149.15,700,175,17149.05,fixture_csv,true,2026-01-05-RTH,false,false,true
NQ,NQH6,NQ.c.0,2026-01-05T17:07:00Z,2026-01-05T17:08:00Z,17149.15,17150.1,17148.4,17149.35,725,181,17149.25,fixture_csv,true,2026-01-05-RTH,false,false,true
NQ,NQH6,NQ.c.0,2026-01-05T17:08:00Z,2026-01-05T17:09:00Z,17149.35,17150.3,17148.6,17149.55,750,187,17149.45,fixture_csv,true,2026-01-05-RTH,false,false,true
NQ,NQH6,NQ.c.0,2026-01-05T17:09:00Z,2026-01-05T17:10:00Z,17149.55,17150.5,17148.8,17149.75,775,193,17149.65,fixture_csv,true,2026-01-05-RTH,false,false,true
NQ,NQH6,NQ.c.0,2026-01-05T17:10:00Z,2026-01-05T17:11:00Z,17149.75,17150.7,17149.0,17149.95,800,200,17149.85,fixture_csv,true,2026-01-05-RTH,false,false,true
NQ,NQH6,NQ.c.0,2026-01-05T17:11:00Z,2026-01-05T17:12:00Z,17149.95,17150.9,17149.2,17150.15,825,206,17150.05,fixture_csv,true,2026-01-05-RTH,false,false,true
NQ,NQH6,NQ.c.0,2026-01-05T17:12:00Z,2026-01-05T17:13:00Z,17150.15,17151.1,17149.4,17150.35,850,212,17150.25,fixture_csv,true,2026-01-05-RTH,false,false,true
NQ,NQH6,NQ.c.0,2026-01-05T17:13:00Z,2026-01-05T17:14:00Z,17150.35,17151.3,17149.6,17150.55,875,218,17150.45,fixture_csv,true,2026-01-05-RTH,false,false,true
NQ,NQH6,NQ.c.0,2026-01-05T17:14:00Z,2026-01-05T17:15:00Z,17150.55,17151.5,17149.8,17150.75,900,225,17150.65,fixture_csv,true,2026-01-05-RTH,false,false,true
NQ,NQH6,NQ.c.0,2026-01-05T17:15:00Z,2026-01-05T17:16:00Z,17150.75,17151.7,17150.0,17150.95,925,231,17150.85,fixture_csv,true,2026-01-05-RTH,false,false,true
NQ,NQH6,NQ.c.0,2026-01-05T17:16:00Z,2026-01-05T17:17:00Z,17150.95,17151.9,17150.2,17151.15,950,237,17151.05,fixture_csv,true,2026-01-05-RTH,false,false,true
NQ,NQH6,NQ.c.0,2026-01-05T17:17:00Z,2026-01-05T17:18:00Z,17151.15,17152.1,17150.4,17151.35,975,243,17151.25,fixture_csv,true,2026-01-05-RTH,false,false,true
NQ,NQH6,NQ.c.0,2026-01-05T17:18:00Z,2026-01-05T17:19:00Z,17151.35,17152.3,17150.6,17151.55,1000,250,17151.45,fixture_csv,true,2026-01-05-RTH,false,false,true
NQ,NQH6,NQ.c.0,2026-01-05T17:19:00Z,2026-01-05T17:20:00Z,17151.55,17152.5,17150.8,17151.75,700,175,17151.65,fixture_csv,true,2026-01-05-RTH,false,false,true
